Rua 06,Centro,Guaira / SP,14790-001,,
Praça Airton Cavenague,Centro,Guaira / SP,14790-003,,
Rua 04,Centro,Guaira / SP,14790-005,,
Prolongamento Eurico Henrique dos Santos,Centro,Guaira / SP,14790-007,,
Rua 02,Centro,Guaira / SP,14790-009,,
Rua 2,Centro,Guaira / SP,14790-011,,
Rua 4,Centro,Guaira / SP,14790-013,,
Rua 6,Centro,Guaira / SP,14790-015,,
Avenida Fabrício da Silva de Faria,Centro,Guaira / SP,14790-017,,
Rua 8,Centro,Guaira / SP,14790-019,,
Praça São Sebastião,Centro,Guaira / SP,14790-021,,
Avenida Acácia Guairense,Centro,Guaira / SP,14790-023,,
Rua 10,Centro,Guaira / SP,14790-025,,
Travessa Hermes de Oliveira Silva,Centro,Guaira / SP,14790-027,,
Rua 12,Centro,Guaira / SP,14790-029,,
Rua 14,Centro,Guaira / SP,14790-031,,
Rua 16,Centro,Guaira / SP,14790-033,,
Rua 18,Centro,Guaira / SP,14790-035,,
Rua 20,Centro,Guaira / SP,14790-037,,
Rua 22,Centro,Guaira / SP,14790-039,,
Rua 24,Centro,Guaira / SP,14790-041,,
Rua 26,Centro,Guaira / SP,14790-043,,
Rua 28,Centro,Guaira / SP,14790-045,,
Avenida 23,Centro,Guaira / SP,14790-047,,
Avenida 21,Centro,Guaira / SP,14790-049,,
Avenida 19,Centro,Guaira / SP,14790-051,,
Avenida 17,Centro,Guaira / SP,14790-053,,
Travessa Alberto Moreti,Centro,Guaira / SP,14790-055,,
Avenida 15,Centro,Guaira / SP,14790-057,,
Avenida 13,Centro,Guaira / SP,14790-059,,
Travessa José Pedro de Morais,Centro,Guaira / SP,14790-061,,
Avenida 11,Centro,Guaira / SP,14790-063,,
Praça da Caixa D'Água Vanessa Volpim Silverio,Centro,Guaira / SP,14790-065,,
Avenida 9,Centro,Guaira / SP,14790-067,,
Travessa Helio Manhas Ruiz,Centro,Guaira / SP,14790-069,,
Avenida 7,Centro,Guaira / SP,14790-071,,
Avenida 5,Centro,Guaira / SP,14790-073,,
Avenida 3,Centro,Guaira / SP,14790-075,,
Avenida 1,Centro,Guaira / SP,14790-077,,
Avenida Maria Aparecida Galbiati Raggozoni,Centro,Guaira / SP,14790-079,,
Avenida Sebastião Dias de Freitas,Centro,Guaira / SP,14790-081,,
Rua Alexandre Muraishi,Centro,Guaira / SP,14790-083,,
Rua Alexandre Muraishi,Jardim Lígia 2,Guaira / SP,14790-090,,
Rua 20,Jardim Lígia 2,Guaira / SP,14790-092,,
Travessa Ali Kadri,Jardim Lígia 2,Guaira / SP,14790-094,,
Avenida 5A,Jardim Lígia 2,Guaira / SP,14790-096,,
Rua 10,Desmembramento Chácara Delfim,Guaira / SP,14790-130,,
Rua 8,Loteamento São José,Guaira / SP,14790-140,,
Rua 6,Loteamento São José,Guaira / SP,14790-142,,
Rua 4,Loteamento São José,Guaira / SP,14790-144,,
Avenida 1A,Loteamento São José,Guaira / SP,14790-146,,
Avenida 3A,Loteamento São José,Guaira / SP,14790-148,,
Rua 4,Recreio São Bernardo,Guaira / SP,14790-150,,
Rua 2,Recreio São Bernardo,Guaira / SP,14790-152,,
Rua 02,Recreio São Bernardo,Guaira / SP,14790-154,,
Avenida 1A,Recreio São Bernardo,Guaira / SP,14790-156,,
Avenida 3A,Vivendas do Bom Jardim,Guaira / SP,14790-160,,
Avenida 5A,Vivendas do Bom Jardim,Guaira / SP,14790-162,,
Avenida 7A,Vivendas do Bom Jardim,Guaira / SP,14790-164,,
Avenida 9A,Vivendas do Bom Jardim,Guaira / SP,14790-166,,
Avenida 11A,Vivendas do Bom Jardim,Guaira / SP,14790-168,,
Avenida 13A,Vivendas do Bom Jardim,Guaira / SP,14790-170,,
Avenida 15A,Vivendas do Bom Jardim,Guaira / SP,14790-172,,
Rua 8,Vivendas do Bom Jardim,Guaira / SP,14790-174,,
Rua 6,Vivendas do Bom Jardim,Guaira / SP,14790-176,,
Rua 4,Vivendas do Bom Jardim,Guaira / SP,14790-178,,
Rua 2,Vivendas do Bom Jardim,Guaira / SP,14790-180,,
Avenida Leozino Dias Campos,Vivendas do Bom Jardim,Guaira / SP,14790-182,,
Avenida 15A,Distrito Industrial I,Guaira / SP,14790-190,,
Avenida 17A,Distrito Industrial I,Guaira / SP,14790-192,,
Avenida 19A,Distrito Industrial I,Guaira / SP,14790-194,,
Avenida Professora Vera Lucia Vitali,Distrito Industrial I,Guaira / SP,14790-196,,
Rua 6,Distrito Industrial I,Guaira / SP,14790-198,,
Rua Salomão Joaquim Filho,Distrito Industrial I,Guaira / SP,14790-200,,
Rua 2,Distrito Industrial I,Guaira / SP,14790-202,,
Rua 2A,Distrito Industrial I,Guaira / SP,14790-204,,
Avenida Leozino Dias Campos,Distrito Industrial I,Guaira / SP,14790-206,,
Anel Viário Julio Robim,Industrial,Guaira / SP,14790-250,,
Rua Joaquim Alves Rodrigues Filho,Industrial,Guaira / SP,14790-252,,
Estrada Municipal Antenor C Nogueira,Industrial,Guaira / SP,14790-254,,
Avenida 17A,Jardim São Francisco I,Guaira / SP,14790-260,,
Rua 016,Jardim São Francisco I,Guaira / SP,14790-262,,
Avenida 15E,Jardim São Francisco I,Guaira / SP,14790-264,,
Avenida 15D,Jardim São Francisco I,Guaira / SP,14790-266,,
Avenida 15C,Jardim São Francisco I,Guaira / SP,14790-268,,
Avenida 15B,Jardim São Francisco I,Guaira / SP,14790-270,,
Avenida 15A,Jardim São Francisco I,Guaira / SP,14790-272,,
Avenida 13A,Jardim São Francisco I,Guaira / SP,14790-274,,
Avenida 11B,Jardim São Francisco I,Guaira / SP,14790-276,,
Avenida 11A,Jardim São Francisco I,Guaira / SP,14790-278,,
Avenida 9A,Jardim São Francisco I,Guaira / SP,14790-280,,
Avenida 7A,Jardim São Francisco I,Guaira / SP,14790-282,,
Rua 16,Jardim São Francisco I,Guaira / SP,14790-284,,
Avenida Perimetral,Jardim São Francisco I,Guaira / SP,14790-286,,
Rua 012,Jardim São Francisco I,Guaira / SP,14790-288,,
Rua 014,Jardim São Francisco I,Guaira / SP,14790-290,,
Avenida Geraldo Caligares,Guaira,Guaira / SP,14790-300,,
Rua Manoel Marques,Guaira,Guaira / SP,14790-302,,
Anel Viário Julio Robim,Guaira,Guaira / SP,14790-304,,
Avenida João Jorge Garcia Leal,Guaira,Guaira / SP,14790-306,,
Avenida José Quintino dos Santos,Guaira,Guaira / SP,14790-308,,
Avenida José Quintino dos Santos,Residencial Cidade Jardim,Guaira / SP,14790-310,,
Rua Chico Pugliesi,Residencial Cidade Jardim,Guaira / SP,14790-312,,
Avenida 9,Residencial Cidade Jardim,Guaira / SP,14790-314,,
Rua 022,Residencial Cidade Jardim,Guaira / SP,14790-316,,
Avenida 11,Residencial Cidade Jardim,Guaira / SP,14790-318,,
Rua 020,Residencial Cidade Jardim,Guaira / SP,14790-320,,
Rua 4,Residencial Nadia 4,Guaira / SP,14790-400,,
Avenida José Cavenaghe,Residencial Nadia 4,Guaira / SP,14790-402,,
Rua 2,Residencial Nadia 4,Guaira / SP,14790-404,,
Avenida 23,Residencial Nadia 4,Guaira / SP,14790-406,,
Avenida 23A,Residencial Nadia 4,Guaira / SP,14790-408,,
Avenida 25,Residencial Nadia 4,Guaira / SP,14790-410,,
Avenida Takeo Saito,Desmembramento Chácara Bela Vista,Guaira / SP,14790-420,,
Avenida Takeo Saito,Residencial Nadia,Guaira / SP,14790-430,,
Avenida 29,Residencial Nadia,Guaira / SP,14790-432,,
Avenida 31,Residencial Nadia,Guaira / SP,14790-434,,
Avenida José Cavenaghe,Residencial Nadia,Guaira / SP,14790-436,,
Rua 02A,Residencial Nadia,Guaira / SP,14790-438,,
Rua 02,Residencial Nadia,Guaira / SP,14790-440,,
Rua 04,Residencial Nadia,Guaira / SP,14790-442,,
Rua 06,Residencial Nadia,Guaira / SP,14790-444,,
Avenida 29,Desmembramento Thobias Landim,Guaira / SP,14790-450,,
Rua 06A,Residencial Thobias Landim,Guaira / SP,14790-460,,
Avenida 29A,Residencial Thobias Landim,Guaira / SP,14790-462,,
Rua 012,Residencial Thobias Landim,Guaira / SP,14790-464,,
Avenida 27,Residencial Thobias Landim,Guaira / SP,14790-466,,
Avenida Takeo Saito,Residencial Thobias Landim,Guaira / SP,14790-468,,
Rua 010,Residencial Thobias Landim,Guaira / SP,14790-470,,
Avenida 25A,Residencial Thobias Landim,Guaira / SP,14790-472,,
Avenida Fause Abdala,Residencial Thobias Landim,Guaira / SP,14790-474,,
Avenida 29B,Residencial Thobias Landim,Guaira / SP,14790-476,,
Rua 016,Residencial Thobias Landim,Guaira / SP,14790-478,,
Avenida 29,Residencial Thobias Landim,Guaira / SP,14790-480,,
Rua 014,Residencial Thobias Landim,Guaira / SP,14790-482,,
Avenida 29,Jardim Eldorado,Guaira / SP,14790-490,,
Avenida 31A,Jardim Eldorado,Guaira / SP,14790-492,,
Avenida 31,Jardim Eldorado,Guaira / SP,14790-494,,
Avenida 33,Jardim Eldorado,Guaira / SP,14790-496,,
Avenida 35,Jardim Eldorado,Guaira / SP,14790-498,,
Avenida 37,Jardim Eldorado,Guaira / SP,14790-500,,
Avenida José Cavenaghe,Jardim Eldorado,Guaira / SP,14790-502,,
Rua 02,Jardim Eldorado,Guaira / SP,14790-504,,
Rua 04,Jardim Eldorado,Guaira / SP,14790-506,,
Rua 06,Jardim Eldorado,Guaira / SP,14790-508,,
Rua 08,Jardim Eldorado,Guaira / SP,14790-510,,
Rua 10,Jardim Eldorado,Guaira / SP,14790-512,,
Avenida Fause Abdala,Jardim Eldorado,Guaira / SP,14790-514,,
Travessa Hussem Kassem Ramadan,Jardim Eldorado,Guaira / SP,14790-516,,
Travessa Hussem Kassem Ramadan,Residencial Reynaldo Stein,Guaira / SP,14790-520,,
Avenida Perimetral A,Residencial Reynaldo Stein,Guaira / SP,14790-522,,
Avenida Rotary Club de Guaira,Residencial Reynaldo Stein,Guaira / SP,14790-524,,
Rua 012,Residencial Reynaldo Stein,Guaira / SP,14790-526,,
Rua 014,Residencial Reynaldo Stein,Guaira / SP,14790-528,,
Rua 016,Residencial Reynaldo Stein,Guaira / SP,14790-530,,
Rua 018,Residencial Reynaldo Stein,Guaira / SP,14790-532,,
Rua 020,Residencial Reynaldo Stein,Guaira / SP,14790-534,,
Rua 022,Residencial Reynaldo Stein,Guaira / SP,14790-536,,
Rua 024,Residencial Reynaldo Stein,Guaira / SP,14790-538,,
Avenida Marginal da Assis Chateaubriand,Residencial Reynaldo Stein,Guaira / SP,14790-540,,
Avenida 35A,Residencial Reynaldo Stein,Guaira / SP,14790-542,,
Avenida 35B,Residencial Reynaldo Stein,Guaira / SP,14790-544,,
Avenida 35,Residencial Reynaldo Stein,Guaira / SP,14790-546,,
Avenida 37,Residencial Reynaldo Stein,Guaira / SP,14790-548,,
Acesso II Antonio Tomoda,Residencial Reynaldo Stein,Guaira / SP,14790-550,,
Rodovia Assis Chateaubriand SP 425,Residencial Reynaldo Stein,Guaira / SP,14790-552,,
Avenida Fause Abdala,Portal do Lago,Guaira / SP,14790-560,,
Rua 04,Portal do Lago,Guaira / SP,14790-562,,
Rua 06,Portal do Lago,Guaira / SP,14790-564,,
Avenida José Cavenaghe,Portal do Lago,Guaira / SP,14790-566,,
Acesso II Antonio Tomoda,Portal do Lago,Guaira / SP,14790-568,,
Rua Vicente Lopes do Nascimento,Portal do Lago,Guaira / SP,14790-570,,
Avenida 41,Portal do Lago,Guaira / SP,14790-572,,
Avenida 43,Portal do Lago,Guaira / SP,14790-574,,
Avenida 45,Portal do Lago,Guaira / SP,14790-576,,
Avenida 47,Portal do Lago,Guaira / SP,14790-578,,
Travessa Gisele de Oliveira Simão Muniz,Portal do Lago,Guaira / SP,14790-580,,
Avenida 49,Portal do Lago,Guaira / SP,14790-582,,
Avenida Diva Augusta de Paula Santos Rodrigues,Portal do Lago,Guaira / SP,14790-584,,
Avenida Doutor João Batista Santana,Portal do Lago,Guaira / SP,14790-586,,
Rua 2A,Portal do Lago,Guaira / SP,14790-588,,
Rua 2,Portal do Lago,Guaira / SP,14790-590,,
Rua 02,Portal do Lago,Guaira / SP,14790-592,,
Avenida Marginal Jurandir Motta de Oliveira,Portal do Lago,Guaira / SP,14790-594,,
Avenida Marginal Jurandir Motta de Oliveira,Desmembramento Reis e Marques,Guaira / SP,14790-600,,
Acesso II Antonio Tomoda,Desmembramento Fazenda Antas,Guaira / SP,14790-612,,
Avenida Diva Augusta de Paula Santos Rodrigues,Desmembramento Fazenda Antas,Guaira / SP,14790-614,,
Avenida Doutor João Batista Santana,Desmembramento Fazenda Antas,Guaira / SP,14790-616,,
Rua 18,Paranoá,Guaira / SP,14791-000,,
Rua 20,Paranoá,Guaira / SP,14791-002,,
Rua 22,Paranoá,Guaira / SP,14791-004,,
Rua 24,Paranoá,Guaira / SP,14791-006,,
Rua 26,Paranoá,Guaira / SP,14791-008,,
Avenida 23,Paranoá,Guaira / SP,14791-010,,
Avenida 25,Paranoá,Guaira / SP,14791-012,,
Avenida 27,Paranoá,Guaira / SP,14791-014,,
Avenida 29,Paranoá,Guaira / SP,14791-016,,
Avenida 31,Paranoá,Guaira / SP,14791-018,,
Avenida 33,Paranoá,Guaira / SP,14791-020,,
Avenida 35,Paranoá,Guaira / SP,14791-022,,
Avenida Gabriel Garcia Leal,Paranoá,Guaira / SP,14791-024,,
Rua 26,Santa Helena,Guaira / SP,14791-030,,
Rua 28,Santa Helena,Guaira / SP,14791-032,,
Avenida 27,Santa Helena,Guaira / SP,14791-034,,
Avenida 29,Santa Helena,Guaira / SP,14791-036,,
Avenida 31,Santa Helena,Guaira / SP,14791-038,,
Rua 26,Jardim Paulista,Guaira / SP,14791-040,,
Rua 28,Jardim Paulista,Guaira / SP,14791-042,,
Rua 30,Jardim Paulista,Guaira / SP,14791-044,,
Rua 32,Jardim Paulista,Guaira / SP,14791-046,,
Avenida José Flores,Jardim Paulista,Guaira / SP,14791-048,,
Avenida 21,Jardim Paulista,Guaira / SP,14791-050,,
Avenida 23,Jardim Paulista,Guaira / SP,14791-052,,
Avenida 25,Jardim Paulista,Guaira / SP,14791-054,,
Avenida 27,Jardim Paulista,Guaira / SP,14791-056,,
Avenida 29,Jardim Paulista,Guaira / SP,14791-058,,
Avenida 31,Jardim Paulista,Guaira / SP,14791-060,,
Avenida 33,Jardim Paulista,Guaira / SP,14791-062,,
Avenida 35,Jardim Paulista,Guaira / SP,14791-064,,
Avenida Gabriel Garcia Leal,Jardim Paulista,Guaira / SP,14791-066,,
Avenida José Flores,Residencial Marina,Guaira / SP,14791-070,,
Rua Orbis Clube,Residencial Marina,Guaira / SP,14791-072,,
Rua 32,Residencial Marina,Guaira / SP,14791-074,,
Avenida 37A,Residencial Marina,Guaira / SP,14791-076,,
Avenida José Flores,Mario Garcia da Costa,Guaira / SP,14791-080,,
Avenida Fouad Gebrael Jabour,Mario Garcia da Costa,Guaira / SP,14791-082,,
Avenida Abrão Curi,Mario Garcia da Costa,Guaira / SP,14791-084,,
Avenida Alexandre Figueiredo Rodrigues,Mario Garcia da Costa,Guaira / SP,14791-086,,
Avenida Carmo Marcelino da Silva,Mario Garcia da Costa,Guaira / SP,14791-088,,
Avenida Shigueo Yamashita,Mario Garcia da Costa,Guaira / SP,14791-090,,
Avenida Emilio de Andrade,Mario Garcia da Costa,Guaira / SP,14791-092,,
Avenida Ovidio Garcia Nogueira,Mario Garcia da Costa,Guaira / SP,14791-094,,
Avenida 49,Mario Garcia da Costa,Guaira / SP,14791-096,,
Avenida Generoso Dias Barbosa,Mario Garcia da Costa,Guaira / SP,14791-098,,
Avenida João Felipe Elias Andrade,Mario Garcia da Costa,Guaira / SP,14791-100,,
Avenida Mantaro Matsucuma,Mario Garcia da Costa,Guaira / SP,14791-102,,
Avenida João Batista Gonçalves,Mario Garcia da Costa,Guaira / SP,14791-104,,
Avenida Paulo de Lima,Mario Garcia da Costa,Guaira / SP,14791-106,,
Avenida 55,Mario Garcia da Costa,Guaira / SP,14791-108,,
Avenida Doutor Edison Bernardo do Nascimento,Mario Garcia da Costa,Guaira / SP,14791-110,,
Avenida Manoel Jeronimo Luiz,Mario Garcia da Costa,Guaira / SP,14791-112,,
Avenida Salomão Joaquim,Mario Garcia da Costa,Guaira / SP,14791-114,,
Avenida Mario Garcia Junqueira,Mario Garcia da Costa,Guaira / SP,14791-116,,
Rua 28A,Residencial Muraishi II,Guaira / SP,14791-150,,
Rua 28B,Residencial Muraishi II,Guaira / SP,14791-152,,
Rua 22B,Residencial Muraishi II,Guaira / SP,14791-154,,
Rua 22A,Residencial Muraishi II,Guaira / SP,14791-156,,
Avenida 55G,Residencial Muraishi II,Guaira / SP,14791-158,,
Avenida 55F,Residencial Muraishi II,Guaira / SP,14791-160,,
Avenida 55E,Residencial Muraishi II,Guaira / SP,14791-162,,
Avenida 55D,Residencial Muraishi II,Guaira / SP,14791-164,,
Avenida 55C,Residencial Muraishi,Guaira / SP,14791-170,,
Avenida 55B,Residencial Muraishi,Guaira / SP,14791-172,,
Avenida 55A,Residencial Muraishi,Guaira / SP,14791-174,,
Rua 28A,Residencial Muraishi,Guaira / SP,14791-176,,
Rua 28B,Residencial Muraishi,Guaira / SP,14791-178,,
Rua 22A,Residencial Muraishi,Guaira / SP,14791-180,,
Avenida 55,Jardim Palmares,Guaira / SP,14791-190,,
Avenida 53,Jardim Palmares,Guaira / SP,14791-192,,
Avenida 51,Jardim Palmares,Guaira / SP,14791-194,,
Avenida 49,Jardim Palmares,Guaira / SP,14791-196,,
Avenida 47,Jardim Palmares,Guaira / SP,14791-198,,
Avenida 45,Jardim Palmares,Guaira / SP,14791-200,,
Rua 22,Jardim Palmares,Guaira / SP,14791-202,,
Rua 24,Jardim Palmares,Guaira / SP,14791-204,,
Rua 28,Jardim Palmares,Guaira / SP,14791-206,,
Rua 30,Jardim Palmares,Guaira / SP,14791-208,,
Rua Orbis Clube,Jardim Palmares,Guaira / SP,14791-210,,
Avenida Gabriel Garcia Leal,Jardim Palmares,Guaira / SP,14791-212,,
Avenida Gabriel Garcia Leal,Maracá,Guaira / SP,14791-220,,
Avenida 25,Maracá,Guaira / SP,14791-222,,
Avenida 23,Maracá,Guaira / SP,14791-224,,
Rua 18,Maracá,Guaira / SP,14791-226,,
Rua 16,Maracá,Guaira / SP,14791-228,,
Rua 14,Maracá,Guaira / SP,14791-230,,
Rua 12,Maracá,Guaira / SP,14791-232,,
Rua 10,Maracá,Guaira / SP,14791-234,,
Avenida Graciano Esperancini,Maracá,Guaira / SP,14791-236,,
Avenida A,Maracá,Guaira / SP,14791-238,,
Avenida Neca Santana,Maracá,Guaira / SP,14791-240,,
Avenida Acácia Guairense,Vila São Bom Jesus Lapa,Guaira / SP,14791-250,,
Rua 6,Vila São Bom Jesus Lapa,Guaira / SP,14791-252,,
Rua 4,Vila São Bom Jesus Lapa,Guaira / SP,14791-254,,
Avenida José Cavenaghe,Vila São Bom Jesus Lapa,Guaira / SP,14791-256,,
Avenida 23,Vila São Bom Jesus Lapa,Guaira / SP,14791-258,,
Avenida 25,Vila São Bom Jesus Lapa,Guaira / SP,14791-260,,
Avenida 27,Vila São Bom Jesus Lapa,Guaira / SP,14791-262,,
Avenida 29,Vila São Bom Jesus Lapa,Guaira / SP,14791-264,,
Avenida 31,Vila São Bom Jesus Lapa,Guaira / SP,14791-266,,
Avenida 31,Jardim Alegria,Guaira / SP,14791-270,,
Avenida 33,Jardim Alegria,Guaira / SP,14791-272,,
Avenida 35,Jardim Alegria,Guaira / SP,14791-274,,
Avenida José Cavenaghe,Jardim Alegria,Guaira / SP,14791-276,,
Avenida 37,Jardim Alegria,Guaira / SP,14791-278,,
Avenida Neca Santana,Jardim Alegria,Guaira / SP,14791-280,,
Rua 12,Jardim Alegria,Guaira / SP,14791-282,,
Rua 10,Jardim Alegria,Guaira / SP,14791-284,,
Avenida Acácia Guairense,Jardim Alegria,Guaira / SP,14791-286,,
Avenida Doutor João Batista Santana,Jardim Alegria,Guaira / SP,14791-288,,
Rua 6,Jardim Alegria,Guaira / SP,14791-290,,
Rua 4,Jardim Alegria,Guaira / SP,14791-292,,
Rua 2,Jardim Alegria,Guaira / SP,14791-294,,
Rua Vicente Lopes do Nascimento,Jardim Alegria,Guaira / SP,14791-296,,
Rua Vicente Lopes do Nascimento,Desmembramento Fazenda São Judas Tadeu,Guaira / SP,14791-300,,
Avenida Doutor João Batista Santana,Desmembramento São Francisco,Guaira / SP,14791-310,,
Avenida Neca Santana,Desmembramento São Francisco,Guaira / SP,14791-312,,
Rua Aparecida Salomão Garcia Lelis,Residencial Dona Ira,Guaira / SP,14791-320,,
Rua Luiz Garcia Lelis,Residencial Dona Ira,Guaira / SP,14791-322,,
Avenida Neca Santana,Desmembramento Chácara Nossa Senhora,Guaira / SP,14791-330,,
Rua Benevenuto Pereira da Silva,Desmembramento Chácara Nossa Senhora,Guaira / SP,14791-332,,
Avenida Gabriel Garcia Leal,Desmembramento Chácara Nossa Senhora,Guaira / SP,14791-334,,
Avenida Gabriel Garcia Leal,Portal do Ipê,Guaira / SP,14791-340,,
Rua Amelio Alves de Lima,Portal do Ipê,Guaira / SP,14791-342,,
Avenida Gabriel Garcia Leal,Jardim de Monet,Guaira / SP,14791-350,,
Rua de Entrada,Jardim de Monet,Guaira / SP,14791-352,,
Rua de Trás,Jardim de Monet,Guaira / SP,14791-354,,
Rua de Saída,Jardim de Monet,Guaira / SP,14791-356,,
Avenida Doutor João Batista Santana,Jardim das Acácias,Guaira / SP,14791-360,,
Rua 18,Jardim das Acácias,Guaira / SP,14791-362,,
Avenida Doutor João Batista Santana,Morada do Sol,Guaira / SP,14791-370,,
Rua 16,Morada do Sol,Guaira / SP,14791-372,,
Avenida Doutor João Batista Santana,Distrito Industrial Luiz Carlos Nogueira,Guaira / SP,14791-380,,
Rua Joaquim Antonio de Paula,Distrito Industrial Luiz Carlos Nogueira,Guaira / SP,14791-382,,
Rua Theodoro Ribeiro de Mendonça,Distrito Industrial Luiz Carlos Nogueira,Guaira / SP,14791-384,,
Rua Thobias Mendonça Neto,Distrito Industrial Luiz Carlos Nogueira,Guaira / SP,14791-386,,
Rodovia Assis Chateaubriand SP 425,Distrito Industrial Luiz Carlos Nogueira,Guaira / SP,14791-388,,
Rua 12,Residencial Nobre Ville,Guaira / SP,14791-390,,
Rua 14,Residencial Nobre Ville,Guaira / SP,14791-392,,
Rua 16,Residencial Nobre Ville,Guaira / SP,14791-394,,
Rua 18,Residencial Nobre Ville,Guaira / SP,14791-396,,
Avenida Mousart Caetano Silva,Residencial Nobre Ville,Guaira / SP,14791-398,,
Rua Benevenuto Pereira da Silva,Residencial Nobre Ville,Guaira / SP,14791-400,,
Rua Amelio Alves de Lima,Residencial Nobre Ville,Guaira / SP,14791-402,,
Avenida 53,Residencial Nobre Ville,Guaira / SP,14791-404,,
Avenida 55,Residencial Nobre Ville,Guaira / SP,14791-406,,
Avenida 55A,Residencial Nobre Ville,Guaira / SP,14791-408,,
Rua Doutor Luiz Roberto Bonjorno,Residencial Nobre Ville,Guaira / SP,14791-410,,
Avenida 01,Terra do Sol,Guaira / SP,14791-420,,
Avenida 55C,Terra do Sol,Guaira / SP,14791-422,,
Avenida 55D,Terra do Sol,Guaira / SP,14791-424,,
Rua 01,Terra do Sol,Guaira / SP,14791-426,,
Rua 02,Terra do Sol,Guaira / SP,14791-428,,
Rua 03,Terra do Sol,Guaira / SP,14791-430,,
Rua 04,Terra do Sol,Guaira / SP,14791-432,,
Rua 05,Terra do Sol,Guaira / SP,14791-434,,
Rua 06,Terra do Sol,Guaira / SP,14791-436,,
Rua 07,Terra do Sol,Guaira / SP,14791-438,,
Rua 08,Terra do Sol,Guaira / SP,14791-440,,
Rua 09,Terra do Sol,Guaira / SP,14791-442,,
Rua 10,Terra do Sol,Guaira / SP,14791-444,,
Rua 11,Terra do Sol,Guaira / SP,14791-446,,
Rua 12,Terra do Sol,Guaira / SP,14791-448,,
Rua 13,Terra do Sol,Guaira / SP,14791-450,,
Rua 14,Terra do Sol,Guaira / SP,14791-452,,
Rua 15,Terra do Sol,Guaira / SP,14791-454,,
Rua 16,Terra do Sol,Guaira / SP,14791-456,,
Rua 1,Residencial Nautico e Pesca Rio Pardo,Guaira / SP,14791-800,,
Rua 2,Residencial Nautico e Pesca Rio Pardo,Guaira / SP,14791-802,,
Avenida 3,Residencial Nautico e Pesca Rio Pardo,Guaira / SP,14791-804,,
Rua 4,Residencial Nautico e Pesca Rio Pardo,Guaira / SP,14791-806,,
Rua 5,Residencial Nautico e Pesca Rio Pardo,Guaira / SP,14791-808,,
Rua 6,Residencial Nautico e Pesca Rio Pardo,Guaira / SP,14791-810,,
Rua 7,Residencial Nautico e Pesca Rio Pardo,Guaira / SP,14791-812,,
Rua 8,Residencial Nautico e Pesca Rio Pardo,Guaira / SP,14791-814,,
Rua 9,Residencial Nautico e Pesca Rio Pardo,Guaira / SP,14791-816,,
Rua 10,Residencial Nautico e Pesca Rio Pardo,Guaira / SP,14791-818,,
Rua 11,Residencial Nautico e Pesca Rio Pardo,Guaira / SP,14791-820,,
Rua 12,Residencial Nautico e Pesca Rio Pardo,Guaira / SP,14791-822,,
Rua 13,Residencial Nautico e Pesca Rio Pardo,Guaira / SP,14791-824,,
Rua 14,Residencial Nautico e Pesca Rio Pardo,Guaira / SP,14791-826,,
Rua 15,Residencial Nautico e Pesca Rio Pardo,Guaira / SP,14791-828,,
Rua 28,Jardim Novo Horizonte,Guaira / SP,14792-000,,
Rua F,Jardim Novo Horizonte,Guaira / SP,14792-002,,
Avenida 13A,Jardim Novo Horizonte,Guaira / SP,14792-004,,
Avenida 15,Jardim Novo Horizonte,Guaira / SP,14792-006,,
Avenida 17,Jardim Novo Horizonte,Guaira / SP,14792-008,,
Avenida 19,Jardim Novo Horizonte,Guaira / SP,14792-010,,
Avenida 19,Conjunto Habitacional Abdala Elias,Guaira / SP,14792-020,,
Avenida 17,Conjunto Habitacional Abdala Elias,Guaira / SP,14792-022,,
Avenida 15,Conjunto Habitacional Abdala Elias,Guaira / SP,14792-024,,
Rua 36,Conjunto Habitacional Abdala Elias,Guaira / SP,14792-026,,
Rua 40,Conjunto Habitacional Abdala Elias,Guaira / SP,14792-028,,
Avenida 15,Conjunto Habitacional Vereador Luiz Dutra do Prado,Guaira / SP,14792-030,,
Rua 40,Conjunto Habitacional Gabriel Garcia de Carvalho,Guaira / SP,14792-040,,
Rua 44,Conjunto Habitacional Gabriel Garcia de Carvalho,Guaira / SP,14792-042,,
Rua 44A,Conjunto Habitacional Gabriel Garcia de Carvalho,Guaira / SP,14792-044,,
Avenida 15,Conjunto Habitacional Gabriel Garcia de Carvalho,Guaira / SP,14792-046,,
Avenida 17,Conjunto Habitacional Gabriel Garcia de Carvalho,Guaira / SP,14792-048,,
Avenida 19,Conjunto Habitacional Gabriel Garcia de Carvalho,Guaira / SP,14792-050,,
Rua 32A,Conjunto Habitacional Geralda Geltrudes da Silva,Guaira / SP,14792-060,,
Avenida 19A,Conjunto Habitacional Geralda Geltrudes da Silva,Guaira / SP,14792-062,,
Rua 36,Conjunto Habitacional Geralda Geltrudes da Silva,Guaira / SP,14792-064,,
Avenida 19B,Conjunto Habitacional Geralda Geltrudes da Silva,Guaira / SP,14792-066,,
Avenida 19C,Conjunto Habitacional Geralda Geltrudes da Silva,Guaira / SP,14792-068,,
Rua 40,Conjunto Habitacional Geralda Geltrudes da Silva,Guaira / SP,14792-070,,
Avenida 19D,Conjunto Habitacional Geralda Geltrudes da Silva,Guaira / SP,14792-072,,
Rua 44,Conjunto Habitacional Geralda Geltrudes da Silva,Guaira / SP,14792-074,,
Avenida 19E,Conjunto Habitacional Geralda Geltrudes da Silva,Guaira / SP,14792-076,,
Avenida 19F,Conjunto Habitacional Geralda Geltrudes da Silva,Guaira / SP,14792-078,,
Rua 46A,Conjunto Habitacional Geralda Geltrudes da Silva,Guaira / SP,14792-080,,
Avenida 21,Conjunto Habitacional Geralda Geltrudes da Silva,Guaira / SP,14792-082,,
Avenida 21,Vila Nossa Senhora Aparecida,Guaira / SP,14792-090,,
Avenida 23,Vila Nossa Senhora Aparecida,Guaira / SP,14792-092,,
Avenida 25,Vila Nossa Senhora Aparecida,Guaira / SP,14792-094,,
Avenida 27,Vila Nossa Senhora Aparecida,Guaira / SP,14792-096,,
Avenida José Flores,Vila Nossa Senhora Aparecida,Guaira / SP,14792-098,,
Rua 30,Vila Nossa Senhora Aparecida,Guaira / SP,14792-100,,
Rua 32,Vila Nossa Senhora Aparecida,Guaira / SP,14792-102,,
Rua 34,Vila Nossa Senhora Aparecida,Guaira / SP,14792-104,,
Rua 36,Vila Nossa Senhora Aparecida,Guaira / SP,14792-106,,
Rua 38,Vila Nossa Senhora Aparecida,Guaira / SP,14792-108,,
Rua 40,Vila Nossa Senhora Aparecida,Guaira / SP,14792-110,,
Rua 42,Vila Nossa Senhora Aparecida,Guaira / SP,14792-112,,
Rua 42A,Conjunto Habitacional Padre Mário Lano,Guaira / SP,14792-120,,
Rua 44,Conjunto Habitacional Padre Mário Lano,Guaira / SP,14792-122,,
Rua 44A,Conjunto Habitacional Padre Mário Lano,Guaira / SP,14792-124,,
Rua 46,Conjunto Habitacional Padre Mário Lano,Guaira / SP,14792-126,,
Avenida 21,Conjunto Habitacional Padre Mário Lano,Guaira / SP,14792-128,,
Avenida 23,Conjunto Habitacional Padre Mário Lano,Guaira / SP,14792-130,,
Avenida 25,Conjunto Habitacional Padre Mário Lano,Guaira / SP,14792-132,,
Rua 46B,João Vaccaro,Guaira / SP,14792-140,,
Rua 48,João Vaccaro,Guaira / SP,14792-142,,
Rua 48A,João Vaccaro,Guaira / SP,14792-144,,
Rua J,João Vaccaro,Guaira / SP,14792-146,,
Avenida 21,João Vaccaro,Guaira / SP,14792-148,,
Avenida 21A,João Vaccaro,Guaira / SP,14792-150,,
Avenida 23,João Vaccaro,Guaira / SP,14792-152,,
Avenida 25,João Vaccaro,Guaira / SP,14792-154,,
Rua I,João Vaccaro,Guaira / SP,14792-156,,
Avenida 27,João Vaccaro,Guaira / SP,14792-158,,
Avenida 21,Residencial Doutor Orlando Garcia Junqueira,Guaira / SP,14792-160,,
Avenida 03,Residencial Doutor Orlando Garcia Junqueira,Guaira / SP,14792-162,,
Avenida 04,Residencial Doutor Orlando Garcia Junqueira,Guaira / SP,14792-164,,
Avenida 05,Residencial Doutor Orlando Garcia Junqueira,Guaira / SP,14792-166,,
Avenida 06,Residencial Doutor Orlando Garcia Junqueira,Guaira / SP,14792-168,,
Avenida 07,Residencial Doutor Orlando Garcia Junqueira,Guaira / SP,14792-170,,
Avenida 08,Residencial Doutor Orlando Garcia Junqueira,Guaira / SP,14792-172,,
Avenida 09,Residencial Doutor Orlando Garcia Junqueira,Guaira / SP,14792-174,,
Rua 01,Residencial Doutor Orlando Garcia Junqueira,Guaira / SP,14792-176,,
Rua 04,Residencial Doutor Orlando Garcia Junqueira,Guaira / SP,14792-178,,
Rua 07,Residencial Doutor Orlando Garcia Junqueira,Guaira / SP,14792-180,,
Rua 06,Residencial Doutor Orlando Garcia Junqueira,Guaira / SP,14792-182,,
Avenida 02,Residencial Doutor Orlando Garcia Junqueira,Guaira / SP,14792-184,,
Avenida Lanali Sonna,Conjunto Habitacional Antonio Nogueira Lelis,Guaira / SP,14792-190,,
Avenida Boris Laudino,Conjunto Habitacional Antonio Nogueira Lelis,Guaira / SP,14792-192,,
Avenida Luiz Moreti,Conjunto Habitacional Antonio Nogueira Lelis,Guaira / SP,14792-194,,
Rua Joaquim Rocha da Cunha,Conjunto Habitacional Antonio Nogueira Lelis,Guaira / SP,14792-196,,
Rua Luzia Malvina Pereira,Conjunto Habitacional Antonio Nogueira Lelis,Guaira / SP,14792-198,,
Rua Eloi Morsoleto,Conjunto Habitacional Antonio Nogueira Lelis,Guaira / SP,14792-200,,
Rua João Luiz Sales,Conjunto Habitacional Antonio Nogueira Lelis,Guaira / SP,14792-202,,
Rua Thophanes Rosa dos Santos,Conjunto Habitacional Antonio Nogueira Lelis,Guaira / SP,14792-204,,
Rua Derivalte Ferreira,Conjunto Habitacional Antonio Nogueira Lelis,Guaira / SP,14792-206,,
Rua 48,Doutor Fábio Talarico,Guaira / SP,14792-280,,
Rua 46A,Doutor Fábio Talarico,Guaira / SP,14792-282,,
Rua 46,Doutor Fábio Talarico,Guaira / SP,14792-284,,
Rua 44A,Doutor Fábio Talarico,Guaira / SP,14792-286,,
Avenida 27A,Doutor Fábio Talarico,Guaira / SP,14792-288,,
Avenida 29,Doutor Fábio Talarico,Guaira / SP,14792-290,,
Avenida 29A,Doutor Fábio Talarico,Guaira / SP,14792-292,,
Avenida 29B,Doutor Fábio Talarico,Guaira / SP,14792-294,,
Avenida 31,Doutor Fábio Talarico,Guaira / SP,14792-296,,
Avenida 31A,Doutor Fábio Talarico,Guaira / SP,14792-298,,
Avenida 33,Etelvina Santana da Silva,Guaira / SP,14792-300,,
Avenida 33A,Etelvina Santana da Silva,Guaira / SP,14792-302,,
Avenida 35,Etelvina Santana da Silva,Guaira / SP,14792-304,,
Avenida 35A,Etelvina Santana da Silva,Guaira / SP,14792-306,,
Rua 48,Etelvina Santana da Silva,Guaira / SP,14792-308,,
Rua 46A,Etelvina Santana da Silva,Guaira / SP,14792-310,,
Rua 46,Etelvina Santana da Silva,Guaira / SP,14792-312,,
Rua 44,Vila Miguel Fabiano,Guaira / SP,14792-320,,
Rua 42,Vila Miguel Fabiano,Guaira / SP,14792-322,,
Rua 40,Vila Miguel Fabiano,Guaira / SP,14792-324,,
Rua 38,Vila Miguel Fabiano,Guaira / SP,14792-326,,
Rua 36,Vila Miguel Fabiano,Guaira / SP,14792-328,,
Rua 34,Vila Miguel Fabiano,Guaira / SP,14792-330,,
Rua 32,Vila Miguel Fabiano,Guaira / SP,14792-332,,
Avenida José Flores,Vila Miguel Fabiano,Guaira / SP,14792-334,,
Avenida 27,Vila Miguel Fabiano,Guaira / SP,14792-336,,
Avenida 29,Vila Miguel Fabiano,Guaira / SP,14792-338,,
Avenida 31,Vila Miguel Fabiano,Guaira / SP,14792-340,,
Avenida 33,Vila Miguel Fabiano,Guaira / SP,14792-342,,
Avenida Doutor Edison Bernardo do Nascimento,Vila Miguel Fabiano,Guaira / SP,14792-344,,
Rua 34,Associação Nipo Brasileira,Guaira / SP,14792-350,,
Rua 32,Associação Nipo Brasileira,Guaira / SP,14792-352,,
Avenida 31,Associação Nipo Brasileira,Guaira / SP,14792-354,,
Avenida 33,Associação Nipo Brasileira,Guaira / SP,14792-356,,
Rua 36,Desmembramento Santa Elydia,Guaira / SP,14792-360,,
Avenida José Flores,Desmembramento Santa Elydia,Guaira / SP,14792-362,,
Avenida Doutor Edison Bernardo do Nascimento,Desmembramento Santa Elydia,Guaira / SP,14792-364,,
Avenida Doutor Edison Bernardo do Nascimento,Jardim Eliza,Guaira / SP,14792-370,,
Avenida 35,Jardim Eliza,Guaira / SP,14792-372,,
Avenida 35A,Jardim Eliza,Guaira / SP,14792-374,,
Avenida 37,Jardim Eliza,Guaira / SP,14792-376,,
Avenida João José da Silva,Jardim Eliza,Guaira / SP,14792-378,,
Avenida 39,Jardim Eliza,Guaira / SP,14792-380,,
Avenida 41,Jardim Eliza,Guaira / SP,14792-382,,
Avenida José Flores,Jardim Eliza,Guaira / SP,14792-384,,
Rua 34,Jardim Eliza,Guaira / SP,14792-386,,
Rua 40,Jardim Eliza,Guaira / SP,14792-388,,
Rua 44,Jardim Eliza,Guaira / SP,14792-390,,
Rua 44A,Jardim Eliza,Guaira / SP,14792-392,,
Rua 44B,Jardim Eliza,Guaira / SP,14792-394,,
Avenida João José da Silva,Residencial Antonio Manoel da Silva,Guaira / SP,14792-400,,
Avenida 43,Residencial Antonio Manoel da Silva,Guaira / SP,14792-402,,
Avenida 45,Residencial Antonio Manoel da Silva,Guaira / SP,14792-404,,
Avenida Ovidio Garcia Nogueira,Residencial Antonio Manoel da Silva,Guaira / SP,14792-406,,
Avenida 47,Residencial Antonio Manoel da Silva,Guaira / SP,14792-408,,
Avenida 49,Residencial Antonio Manoel da Silva,Guaira / SP,14792-410,,
Avenida 51,Residencial Antonio Manoel da Silva,Guaira / SP,14792-412,,
Avenida 53,Residencial Antonio Manoel da Silva,Guaira / SP,14792-414,,
Avenida José Flores,Residencial Antonio Manoel da Silva,Guaira / SP,14792-416,,
Rua 34,Residencial Antonio Manoel da Silva,Guaira / SP,14792-418,,
Rua 40,Residencial Antonio Manoel da Silva,Guaira / SP,14792-420,,
Rua 46,Residencial Antonio Manoel da Silva,Guaira / SP,14792-422,,
Rua 46A,Residencial Antonio Manoel da Silva,Guaira / SP,14792-424,,
Rua 46B,Residencial Antonio Manoel da Silva,Guaira / SP,14792-426,,
Rua 46C,Residencial Antonio Manoel da Silva,Guaira / SP,14792-428,,
Rua 46D,Residencial Antonio Manoel da Silva,Guaira / SP,14792-430,,
Rua 48,Residencial Antonio Manoel da Silva,Guaira / SP,14792-432,,
Rua 48A,Residencial Antonio Manoel da Silva,Guaira / SP,14792-434,,
Rua 48B,Residencial Antonio Manoel da Silva,Guaira / SP,14792-436,,
Avenida 55,Residencial Maria Luiza,Guaira / SP,14792-440,,
Avenida 57,Residencial Maria Luiza,Guaira / SP,14792-442,,
Avenida 59,Residencial Maria Luiza,Guaira / SP,14792-444,,
Avenida 59A,Residencial Maria Luiza,Guaira / SP,14792-446,,
Avenida 61,Residencial Maria Luiza,Guaira / SP,14792-448,,
Avenida 63,Residencial Maria Luiza,Guaira / SP,14792-450,,
Avenida 65,Residencial Maria Luiza,Guaira / SP,14792-452,,
Avenida 67,Residencial Maria Luiza,Guaira / SP,14792-454,,
Avenida 69,Residencial Maria Luiza,Guaira / SP,14792-456,,
Avenida 71,Residencial Maria Luiza,Guaira / SP,14792-458,,
Avenida 73,Residencial Maria Luiza,Guaira / SP,14792-460,,
Avenida 75,Residencial Maria Luiza,Guaira / SP,14792-462,,
Avenida 77,Residencial Maria Luiza,Guaira / SP,14792-464,,
Avenida 79,Residencial Maria Luiza,Guaira / SP,14792-466,,
Avenida 81,Residencial Maria Luiza,Guaira / SP,14792-468,,
Avenida José Flores,Residencial Maria Luiza,Guaira / SP,14792-470,,
Rua 34,Residencial Maria Luiza,Guaira / SP,14792-472,,
Rua 40,Residencial Maria Luiza,Guaira / SP,14792-474,,
Rua 46,Residencial Maria Luiza,Guaira / SP,14792-476,,
Rua 46C,Residencial Maria Luiza,Guaira / SP,14792-478,,
Rua 46D,Residencial Maria Luiza,Guaira / SP,14792-480,,
Rua 26,Campos Elíseos,Guaira / SP,14793-000,,
Rua 28,Campos Elíseos,Guaira / SP,14793-002,,
Rua 30,Campos Elíseos,Guaira / SP,14793-004,,
Rua 32,Campos Elíseos,Guaira / SP,14793-006,,
Rua 34,Campos Elíseos,Guaira / SP,14793-008,,
Rua 36,Campos Elíseos,Guaira / SP,14793-010,,
Rua 38,Campos Elíseos,Guaira / SP,14793-012,,
Avenida Antonio Fisher,Campos Elíseos,Guaira / SP,14793-014,,
Avenida José Garcia Junqueira,Campos Elíseos,Guaira / SP,14793-016,,
Avenida José Garcia Junqueira,Desmembramento Santo Antônio,Guaira / SP,14793-020,,
Avenida 5,Desmembramento Santo Antônio,Guaira / SP,14793-022,,
Rua 3B,Desmembramento Santo Antônio,Guaira / SP,14793-024,,
Avenida 3,Desmembramento Santo Antônio,Guaira / SP,14793-026,,
Avenida 3,Desmembramento Rialga,Guaira / SP,14793-030,,
Avenida José Garcia Junqueira,Desmembramento Rialga,Guaira / SP,14793-032,,
Avenida José Garcia Junqueira,Desmembramento Katsumi Miura,Guaira / SP,14793-040,,
Avenida 3,Desmembramento Katsumi Miura,Guaira / SP,14793-042,,
Avenida 3,Desmembramento Barros,Guaira / SP,14793-050,,
Rua 6B,Desmembramento Joaquim Baixote,Guaira / SP,14793-060,,
Rua 6B,Desmembramento Dona Tâninha,Guaira / SP,14793-070,,
Rua 9B,Desmembramento Ernesto Pacheco,Guaira / SP,14793-080,,
Rua 10B,Desmembramento Ernesto Pacheco,Guaira / SP,14793-082,,
Rua Projetada 3A,Desmembramento Ernesto Pacheco,Guaira / SP,14793-084,,
Avenida 3,Desmembramento Ernesto Pacheco,Guaira / SP,14793-086,,
Avenida 5,Desmembramento Ernesto Pacheco,Guaira / SP,14793-088,,
Avenida 5,Desmembramento Chácara Santa Luzia,Guaira / SP,14793-090,,
Rua 10B,Desmembramento Chácara Santa Luzia,Guaira / SP,14793-092,,
Avenida José Garcia Junqueira,Desmembramento Chácara Santa Luzia,Guaira / SP,14793-094,,
Avenida José Garcia Junqueira,Guaira,Guaira / SP,14793-100,,
Avenida José Garcia Junqueira,Residencial Antonio Nery Lopes,Guaira / SP,14793-150,,
Rua 10B,Residencial Antonio Nery Lopes,Guaira / SP,14793-152,,
Rua 11B,Residencial Antonio Nery Lopes,Guaira / SP,14793-154,,
Rua 12B,Residencial Antonio Nery Lopes,Guaira / SP,14793-156,,
Rua 13B,Residencial Antonio Nery Lopes,Guaira / SP,14793-158,,
Rua 14B,Residencial Antonio Nery Lopes,Guaira / SP,14793-160,,
Avenida 5,Residencial Antonio Nery Lopes,Guaira / SP,14793-162,,
Avenida 5,Luiz Afonso Piagnanelli,Guaira / SP,14793-170,,
Rua 10B,Luiz Afonso Piagnanelli,Guaira / SP,14793-172,,
Rua 11B,Luiz Afonso Piagnanelli,Guaira / SP,14793-174,,
Rua 12B,Luiz Afonso Piagnanelli,Guaira / SP,14793-176,,
Rua 13B,Luiz Afonso Piagnanelli,Guaira / SP,14793-178,,
Rua 14B,Luiz Afonso Piagnanelli,Guaira / SP,14793-180,,
Rua 15B,Luiz Afonso Piagnanelli,Guaira / SP,14793-182,,
Rua 16B,Luiz Afonso Piagnanelli,Guaira / SP,14793-184,,
Rua 17B,Luiz Afonso Piagnanelli,Guaira / SP,14793-186,,
Rua 18B,Luiz Afonso Piagnanelli,Guaira / SP,14793-188,,
Rua 19B,Luiz Afonso Piagnanelli,Guaira / SP,14793-190,,
Avenida 3,Luiz Afonso Piagnanelli,Guaira / SP,14793-192,,
Avenida 3,Conjunto Habitacional Prefeito José Pugliesi,Guaira / SP,14793-200,,
Avenida Sebastião Dias de Freitas,Conjunto Habitacional Prefeito José Pugliesi,Guaira / SP,14793-202,,
Avenida Clemente Paulino Gonçalves,Conjunto Habitacional Prefeito José Pugliesi,Guaira / SP,14793-204,,
Avenida Professor Benedito de Barros,Conjunto Habitacional Prefeito José Pugliesi,Guaira / SP,14793-206,,
Avenida 7A,Conjunto Habitacional Prefeito José Pugliesi,Guaira / SP,14793-208,,
Rua 21B,Conjunto Habitacional Prefeito José Pugliesi,Guaira / SP,14793-210,,
Rua 20B,Conjunto Habitacional Prefeito José Pugliesi,Guaira / SP,14793-212,,
Rua 19B,Conjunto Habitacional Prefeito José Pugliesi,Guaira / SP,14793-214,,
Rua 18B,Conjunto Habitacional Prefeito José Pugliesi,Guaira / SP,14793-216,,
Rua 17B,Conjunto Habitacional Prefeito José Pugliesi,Guaira / SP,14793-218,,
Rua 16B,Conjunto Habitacional Prefeito José Pugliesi,Guaira / SP,14793-220,,
Rua 18B,Joaquim Pereira Lelis,Guaira / SP,14793-230,,
Rua 17B,Joaquim Pereira Lelis,Guaira / SP,14793-232,,
Rua 16B,Joaquim Pereira Lelis,Guaira / SP,14793-234,,
Rua 15B,Joaquim Pereira Lelis,Guaira / SP,14793-236,,
Rua 14B,Joaquim Pereira Lelis,Guaira / SP,14793-238,,
Avenida 3,Joaquim Pereira Lelis,Guaira / SP,14793-240,,
Avenida Sebastião Dias de Freitas,Joaquim Pereira Lelis,Guaira / SP,14793-242,,
Avenida Clemente Paulino Gonçalves,Joaquim Pereira Lelis,Guaira / SP,14793-244,,
Avenida Professor Benedito de Barros,Joaquim Pereira Lelis,Guaira / SP,14793-246,,
Avenida 3,Conjunto Residencial Antonio Garcia,Guaira / SP,14793-250,,
Avenida Sebastião Dias de Freitas,Conjunto Residencial Antonio Garcia,Guaira / SP,14793-252,,
Avenida Clemente Paulino Gonçalves,Conjunto Residencial Antonio Garcia,Guaira / SP,14793-254,,
Avenida Professor Benedito de Barros,Conjunto Residencial Antonio Garcia,Guaira / SP,14793-256,,
Rua 14B,Conjunto Residencial Antonio Garcia,Guaira / SP,14793-258,,
Rua 13B,Conjunto Residencial Antonio Garcia,Guaira / SP,14793-260,,
Rua 12B,Conjunto Residencial Antonio Garcia,Guaira / SP,14793-262,,
Rua 11B,Conjunto Residencial Antonio Garcia,Guaira / SP,14793-264,,
Rua 10B,Conjunto Residencial Antonio Garcia,Guaira / SP,14793-266,,
Rua 10B,Aniceto Carlos Nogueira,Guaira / SP,14793-270,,
Rua 9B,Aniceto Carlos Nogueira,Guaira / SP,14793-272,,
Rua 8B,Aniceto Carlos Nogueira,Guaira / SP,14793-274,,
Rua 7B,Aniceto Carlos Nogueira,Guaira / SP,14793-276,,
Rua 6B,Aniceto Carlos Nogueira,Guaira / SP,14793-278,,
Rua 5B,Aniceto Carlos Nogueira,Guaira / SP,14793-280,,
Rua 4B,Aniceto Carlos Nogueira,Guaira / SP,14793-282,,
Rua 3B,Aniceto Carlos Nogueira,Guaira / SP,14793-284,,
Rua 2B,Aniceto Carlos Nogueira,Guaira / SP,14793-286,,
Rua 1B,Aniceto Carlos Nogueira,Guaira / SP,14793-288,,
Avenida 3,Aniceto Carlos Nogueira,Guaira / SP,14793-290,,
Avenida Sebastião Dias de Freitas,Aniceto Carlos Nogueira,Guaira / SP,14793-292,,
Avenida Clemente Paulino Gonçalves,Aniceto Carlos Nogueira,Guaira / SP,14793-294,,
Avenida Professor Benedito de Barros,Aniceto Carlos Nogueira,Guaira / SP,14793-296,,
Avenida 7A,Aniceto Carlos Nogueira,Guaira / SP,14793-298,,
Rua 4B,Residencial Amélia,Guaira / SP,14793-300,,
Rua Alexandre Muraishi,Residencial Amélia,Guaira / SP,14793-302,,
Avenida 7A,Residencial Amélia,Guaira / SP,14793-304,,
Avenida 7B,Residencial Amélia,Guaira / SP,14793-306,,
Avenida 7C,Residencial Amélia,Guaira / SP,14793-308,,
Avenida 9A,Residencial Amélia,Guaira / SP,14793-310,,
Avenida 9A,Residencial Zenaide,Guaira / SP,14793-350,,
Rua 5B,Residencial Zenaide,Guaira / SP,14793-352,,
Rua 6B,Residencial Zenaide,Guaira / SP,14793-354,,
Rua 8B,Residencial Zenaide,Guaira / SP,14793-356,,
Rua 9B,Residencial Zenaide,Guaira / SP,14793-358,,
Rua 10B,Residencial Julieta,Guaira / SP,14793-360,,
Rua 10B,Jardim Solaris,Guaira / SP,14793-370,,
Rua 12B,Jardim Solaris,Guaira / SP,14793-372,,
Avenida 9D,Jardim Solaris,Guaira / SP,14793-374,,
Avenida 9C,Jardim Solaris,Guaira / SP,14793-376,,
Estrada Vicinal Guerino Talarico,Jardim Solaris,Guaira / SP,14793-378,,
Estrada Vicinal Guerino Talarico,Residencial R Guimarães,Guaira / SP,14793-380,,
Avenida 9C,Residencial R Guimarães,Guaira / SP,14793-382,,
Rua 13B,Residencial R Guimarães,Guaira / SP,14793-384,,
Rua 14B,Residencial R Guimarães,Guaira / SP,14793-386,,
Rua 14B,Residencial Portinari,Guaira / SP,14793-390,,
Rua 15B,Residencial Portinari,Guaira / SP,14793-392,,
Rua 16B,Residencial Portinari,Guaira / SP,14793-394,,
Rua 17B,Residencial Portinari,Guaira / SP,14793-396,,
Rua 9B,Desmembramento Recreio Santa Isabel,Guaira / SP,14793-400,,
Rua 14B,Jardim Lígia,Guaira / SP,14793-410,,
Rua 15B,Jardim Lígia,Guaira / SP,14793-412,,
Rua 16B,Jardim Lígia,Guaira / SP,14793-414,,
Rua 17B,Jardim Lígia,Guaira / SP,14793-416,,
Rua 18B,Jardim Lígia,Guaira / SP,14793-418,,
Rua 19B,Jardim Lígia,Guaira / SP,14793-420,,
Rua 20B,Jardim Lígia,Guaira / SP,14793-422,,
Rua 21B,Jardim Lígia,Guaira / SP,14793-424,,
Avenida 9A,Jardim Lígia,Guaira / SP,14793-426,,
Rua 9B,Jardim Lígia,Guaira / SP,14793-428,,
Avenida 9C,Jardim Lígia,Guaira / SP,14793-430,,
Avenida Lions Clube,Jardim Lígia,Guaira / SP,14793-432,,
Avenida Lions Clube,Desmembramento Chácara Santa Quitéria,Guaira / SP,14793-440,,
Avenida Lions Clube,Residencial Santa Terezinha,Guaira / SP,14793-450,,
Rua 24B,Residencial Santa Terezinha,Guaira / SP,14793-452,,
Rua 25B,Residencial Santa Terezinha,Guaira / SP,14793-454,,
Rua 9B,Residencial Santa Terezinha,Guaira / SP,14793-456,,
Avenida 9A,Residencial Santa Terezinha,Guaira / SP,14793-458,,
Avenida 9A,Estância Morada Nova,Guaira / SP,14793-460,,
Avenida 9A,Residencial Tais,Guaira / SP,14793-500,,
Rua 10B,Residencial Tais,Guaira / SP,14793-502,,
Rua 11B,Residencial Tais,Guaira / SP,14793-504,,
Rua 12B,Residencial Tais,Guaira / SP,14793-506,,
Rua 13B,Residencial Tais,Guaira / SP,14793-508,,
Rua 14B,Residencial Tais,Guaira / SP,14793-510,,
Rua 15B,Residencial Tais,Guaira / SP,14793-512,,
Rua 16B,Residencial Tais,Guaira / SP,14793-514,,
Avenida 7B,Residencial Tais,Guaira / SP,14793-516,,
Rua 17B,Residencial Tais,Guaira / SP,14793-518,,
Rua 18B,Residencial Tais,Guaira / SP,14793-520,,
Rua 19B,Residencial Tais,Guaira / SP,14793-522,,
Avenida Lions Clube,Residencial Tais,Guaira / SP,14793-524,,
Rua 23B,Residencial Tais,Guaira / SP,14793-526,,
Rua 24B,Residencial Tais,Guaira / SP,14793-528,,
Rua 25B,Residencial Tais,Guaira / SP,14793-530,,
Rua 26B,Residencial Tais,Guaira / SP,14793-532,,
Avenida Marginal,Residencial Tais,Guaira / SP,14793-534,,
Avenida 7A,Residencial Tais,Guaira / SP,14793-536,,
Avenida 7A,Jardim Califórnia,Guaira / SP,14793-540,,
Avenida 5B,Jardim Califórnia,Guaira / SP,14793-542,,
Avenida 5A,Jardim Califórnia,Guaira / SP,14793-544,,
Avenida 3C,Jardim Califórnia,Guaira / SP,14793-546,,
Avenida 3B,Jardim Califórnia,Guaira / SP,14793-548,,
Avenida 3A,Jardim Califórnia,Guaira / SP,14793-550,,
Rua 21B,Jardim Califórnia,Guaira / SP,14793-552,,
Rua 22B,Jardim Califórnia,Guaira / SP,14793-554,,
Avenida Lions Clube,Jardim Califórnia,Guaira / SP,14793-556,,
Avenida Marginal,Jardim Califórnia,Guaira / SP,14793-558,,
Rua 21B,Residencial Nova Guaira,Guaira / SP,14793-560,,
Rua 22B,Residencial Nova Guaira,Guaira / SP,14793-562,,
Avenida Lions Clube,Residencial Nova Guaira,Guaira / SP,14793-564,,
Avenida Marginal Neca Pereira,Residencial Nova Guaira,Guaira / SP,14793-566,,
Avenida Marginal A,Residencial Nova Guaira,Guaira / SP,14793-568,,
Avenida 1B,Residencial Nova Guaira,Guaira / SP,14793-570,,
Avenida 1A,Residencial Nova Guaira,Guaira / SP,14793-572,,
Avenida 1,Residencial Nova Guaira,Guaira / SP,14793-574,,
Avenida 3,Residencial Nova Guaira,Guaira / SP,14793-576,,
Avenida 4,Residencial Nova Guaira,Guaira / SP,14793-578,,
Avenida 4A,Residencial Nova Guaira,Guaira / SP,14793-580,,
Avenida 5,Residencial Nova Guaira,Guaira / SP,14793-582,,
Avenida 5,Desmembramento Sítio Santa Quitéria,Guaira / SP,14793-590,,
Avenida Marginal Neca Pereira,Desmembramento Sítio Santa Quitéria,Guaira / SP,14793-592,,
Avenida Lions Clube,Desmembramento Sítio Santa Quitéria,Guaira / SP,14793-594,,
Avenida Lions Clube,Loteamento José Alves Casagrande,Guaira / SP,14793-600,,
Avenida Joaquim Alves Rodrigues,Loteamento José Alves Casagrande,Guaira / SP,14793-602,,
Avenida Alziro Romão,Loteamento José Alves Casagrande,Guaira / SP,14793-604,,
Avenida Jacarandá,Loteamento José Alves Casagrande,Guaira / SP,14793-606,,
Avenida Joaquim Alves Rodrigues,Residencial Bárbara,Guaira / SP,14793-610,,
Avenida Alziro Romão,Residencial Bárbara,Guaira / SP,14793-612,,
Avenida Jacarandá,Residencial Bárbara,Guaira / SP,14793-614,,
Avenida Figueira,Residencial Bárbara,Guaira / SP,14793-616,,
Avenida Lions Clube,Residencial Bárbara,Guaira / SP,14793-618,,
Avenida Marginal Aroeira,Residencial Bárbara,Guaira / SP,14793-620,,
Avenida Marginal Neca Pereira,Residencial Bárbara,Guaira / SP,14793-622,,
Rua Oiti,Residencial Bárbara,Guaira / SP,14793-624,,
Avenida Ipê Branco,Residencial Bárbara,Guaira / SP,14793-626,,
Avenida Cedro,Residencial Bárbara,Guaira / SP,14793-628,,
Avenida Perimetral Ipê Amarelo,Residencial Bárbara,Guaira / SP,14793-630,,
Rua José Duarte da Silva,São José do Albertópolis,Guaira / SP,14793-870,,
Rua Brás Porto de Souza,São José do Albertópolis,Guaira / SP,14793-872,,
Rua Aristides Gonçalves Siqueira,São José do Albertópolis,Guaira / SP,14793-874,,
Rua 2A,São José do Albertópolis,Guaira / SP,14793-876,,
Avenida Emídio Martins de Arruda,São José do Albertópolis,Guaira / SP,14793-878,,
Avenida Orozídio Valeriano da Silva,São José do Albertópolis,Guaira / SP,14793-880,,
Avenida Olívio Fidélis,São José do Albertópolis,Guaira / SP,14793-882,,
Avenida Benedito José Elias,São José do Albertópolis,Guaira / SP,14793-884,,
Avenida Luziário Ferreira da Silva,São José do Albertópolis,Guaira / SP,14793-886,,
Área Rural,Área Rural de Guaira,Guaira / SP,14793-899,,
,,,,,
,,,,,
,,,,,
,,,,,
,,,,,
,,,,,
,,,,,
,,,,,
,,,,,
